0.0,0.958,0.958,0.958,0.958,0.875,0.8059999999999999,0.917,0.8059999999999999,0.917,0.8059999999999999,0.764,0.917,0.875,0.764,0.917,0.764,0.847,0.778,0.764,0.917,0.778,0.917,0.722,0.667,0.736,0.722,0.792,0.542,0.6809999999999999,0.736,0.75,0.6809999999999999,0.569,0.722,0.764,0.722,0.528,0.722,0.653,0.708,0.75,0.6809999999999999,0.569,0.722,0.6940000000000001,0.75,0.722,0.444,0.75,0.833,0.5,0.764,0.722,0.6940000000000001
0.958,0.0,1.0,1.0,1.0,0.917,0.764,0.875,0.764,0.875,0.764,0.722,0.875,0.833,0.8059999999999999,0.875,0.722,0.889,0.8190000000000001,0.8059999999999999,0.875,0.8190000000000001,0.875,0.6809999999999999,0.625,0.778,0.6809999999999999,0.833,0.583,0.639,0.778,0.708,0.639,0.611,0.764,0.722,0.764,0.486,0.764,0.611,0.75,0.708,0.639,0.611,0.764,0.653,0.708,0.764,0.40299999999999997,0.708,0.792,0.542,0.722,0.764,0.653
0.958,1.0,0.0,1.0,1.0,0.917,0.764,0.875,0.764,0.875,0.764,0.722,0.875,0.833,0.8059999999999999,0.875,0.722,0.889,0.8190000000000001,0.8059999999999999,0.875,0.8190000000000001,0.875,0.6809999999999999,0.625,0.778,0.6809999999999999,0.833,0.583,0.639,0.778,0.708,0.639,0.611,0.764,0.722,0.764,0.486,0.764,0.611,0.75,0.708,0.639,0.611,0.764,0.653,0.708,0.764,0.40299999999999997,0.708,0.792,0.542,0.722,0.764,0.653
0.958,1.0,1.0,0.0,1.0,0.917,0.764,0.875,0.764,0.875,0.764,0.722,0.875,0.833,0.8059999999999999,0.875,0.722,0.889,0.8190000000000001,0.8059999999999999,0.875,0.8190000000000001,0.875,0.6809999999999999,0.625,0.778,0.6809999999999999,0.833,0.583,0.639,0.778,0.708,0.639,0.611,0.764,0.722,0.764,0.486,0.764,0.611,0.75,0.708,0.639,0.611,0.764,0.653,0.708,0.764,0.40299999999999997,0.708,0.792,0.542,0.722,0.764,0.653
0.958,1.0,1.0,1.0,0.0,0.917,0.764,0.875,0.764,0.875,0.764,0.722,0.875,0.833,0.8059999999999999,0.875,0.722,0.889,0.8190000000000001,0.8059999999999999,0.875,0.8190000000000001,0.875,0.6809999999999999,0.625,0.778,0.6809999999999999,0.833,0.583,0.639,0.778,0.708,0.639,0.611,0.764,0.722,0.764,0.486,0.764,0.611,0.75,0.708,0.639,0.611,0.764,0.653,0.708,0.764,0.40299999999999997,0.708,0.792,0.542,0.722,0.764,0.653
0.875,0.917,0.917,0.917,0.917,0.0,0.847,0.792,0.847,0.792,0.847,0.722,0.792,0.917,0.889,0.792,0.722,0.8059999999999999,0.8190000000000001,0.889,0.792,0.8190000000000001,0.792,0.6809999999999999,0.708,0.6940000000000001,0.6809999999999999,0.75,0.667,0.639,0.6940000000000001,0.792,0.639,0.528,0.764,0.722,0.847,0.40299999999999997,0.764,0.528,0.833,0.792,0.639,0.528,0.764,0.569,0.792,0.764,0.486,0.792,0.708,0.542,0.722,0.847,0.569
0.8059999999999999,0.764,0.764,0.764,0.764,0.847,0.0,0.722,1.0,0.722,1.0,0.764,0.722,0.847,0.958,0.722,0.764,0.653,0.667,0.958,0.722,0.667,0.722,0.722,0.861,0.542,0.722,0.597,0.736,0.6809999999999999,0.542,0.833,0.792,0.375,0.722,0.653,0.917,0.33299999999999996,0.722,0.45799999999999996,0.6809999999999999,0.833,0.792,0.375,0.722,0.5,0.9440000000000001,0.722,0.41700000000000004,0.9440000000000001,0.639,0.5,0.653,0.917,0.5
0.917,0.875,0.875,0.875,0.875,0.792,0.722,0.0,0.722,1.0,0.722,0.6809999999999999,1.0,0.792,0.6809999999999999,1.0,0.6809999999999999,0.764,0.6940000000000001,0.6809999999999999,1.0,0.6940000000000001,1.0,0.639,0.75,0.653,0.639,0.708,0.45799999999999996,0.764,0.653,0.667,0.764,0.486,0.639,0.6809999999999999,0.639,0.611,0.639,0.736,0.625,0.667,0.764,0.486,0.639,0.778,0.667,0.639,0.528,0.667,0.75,0.41700000000000004,0.6809999999999999,0.639,0.778
0.8059999999999999,0.764,0.764,0.764,0.764,0.847,1.0,0.722,0.0,0.722,1.0,0.764,0.722,0.847,0.958,0.722,0.764,0.653,0.667,0.958,0.722,0.667,0.722,0.722,0.861,0.542,0.722,0.597,0.736,0.6809999999999999,0.542,0.833,0.792,0.375,0.722,0.653,0.917,0.33299999999999996,0.722,0.45799999999999996,0.6809999999999999,0.833,0.792,0.375,0.722,0.5,0.9440000000000001,0.722,0.41700000000000004,0.9440000000000001,0.639,0.5,0.653,0.917,0.5
0.917,0.875,0.875,0.875,0.875,0.792,0.722,1.0,0.722,0.0,0.722,0.6809999999999999,1.0,0.792,0.6809999999999999,1.0,0.6809999999999999,0.764,0.6940000000000001,0.6809999999999999,1.0,0.6940000000000001,1.0,0.639,0.75,0.653,0.639,0.708,0.45799999999999996,0.764,0.653,0.667,0.764,0.486,0.639,0.6809999999999999,0.639,0.611,0.639,0.736,0.625,0.667,0.764,0.486,0.639,0.778,0.667,0.639,0.528,0.667,0.75,0.41700000000000004,0.6809999999999999,0.639,0.778
0.8059999999999999,0.764,0.764,0.764,0.764,0.847,1.0,0.722,1.0,0.722,0.0,0.764,0.722,0.847,0.958,0.722,0.764,0.653,0.667,0.958,0.722,0.667,0.722,0.722,0.861,0.542,0.722,0.597,0.736,0.6809999999999999,0.542,0.833,0.792,0.375,0.722,0.653,0.917,0.33299999999999996,0.722,0.45799999999999996,0.6809999999999999,0.833,0.792,0.375,0.722,0.5,0.9440000000000001,0.722,0.41700000000000004,0.9440000000000001,0.639,0.5,0.653,0.917,0.5
0.764,0.722,0.722,0.722,0.722,0.722,0.764,0.6809999999999999,0.764,0.6809999999999999,0.764,0.0,0.6809999999999999,0.722,0.722,0.6809999999999999,1.0,0.611,0.792,0.722,0.6809999999999999,0.792,0.6809999999999999,0.958,0.625,0.5,0.958,0.556,0.5,0.917,0.5,0.8190000000000001,0.8059999999999999,0.33299999999999996,0.958,0.778,0.6809999999999999,0.292,0.958,0.41700000000000004,0.556,0.8190000000000001,0.8059999999999999,0.33299999999999996,0.958,0.45799999999999996,0.708,0.958,0.292,0.708,0.597,0.736,0.778,0.6809999999999999,0.45799999999999996
0.917,0.875,0.875,0.875,0.875,0.792,0.722,1.0,0.722,1.0,0.722,0.6809999999999999,0.0,0.792,0.6809999999999999,1.0,0.6809999999999999,0.764,0.6940000000000001,0.6809999999999999,1.0,0.6940000000000001,1.0,0.639,0.75,0.653,0.639,0.708,0.45799999999999996,0.764,0.653,0.667,0.764,0.486,0.639,0.6809999999999999,0.639,0.611,0.639,0.736,0.625,0.667,0.764,0.486,0.639,0.778,0.667,0.639,0.528,0.667,0.75,0.41700000000000004,0.6809999999999999,0.639,0.778
0.875,0.833,0.833,0.833,0.833,0.917,0.847,0.792,0.847,0.792,0.847,0.722,0.792,0.0,0.8059999999999999,0.792,0.722,0.722,0.736,0.8059999999999999,0.792,0.736,0.792,0.764,0.708,0.611,0.764,0.667,0.583,0.639,0.611,0.792,0.639,0.444,0.6809999999999999,0.722,0.847,0.40299999999999997,0.6809999999999999,0.611,0.75,0.792,0.639,0.444,0.6809999999999999,0.569,0.792,0.6809999999999999,0.486,0.792,0.708,0.45799999999999996,0.722,0.847,0.569
0.764,0.8059999999999999,0.8059999999999999,0.8059999999999999,0.8059999999999999,0.889,0.958,0.6809999999999999,0.958,0.6809999999999999,0.958,0.722,0.6809999999999999,0.8059999999999999,0.0,0.6809999999999999,0.722,0.6940000000000001,0.708,1.0,0.6809999999999999,0.708,0.6809999999999999,0.6809999999999999,0.8190000000000001,0.583,0.6809999999999999,0.639,0.778,0.639,0.583,0.792,0.75,0.41700000000000004,0.764,0.611,0.958,0.292,0.764,0.41700000000000004,0.722,0.792,0.75,0.41700000000000004,0.764,0.45799999999999996,0.903,0.764,0.375,0.903,0.597,0.542,0.611,0.958,0.45799999999999996
0.917,0.875,0.875,0.875,0.875,0.792,0.722,1.0,0.722,1.0,0.722,0.6809999999999999,1.0,0.792,0.6809999999999999,0.0,0.6809999999999999,0.764,0.6940000000000001,0.6809999999999999,1.0,0.6940000000000001,1.0,0.639,0.75,0.653,0.639,0.708,0.45799999999999996,0.764,0.653,0.667,0.764,0.486,0.639,0.6809999999999999,0.639,0.611,0.639,0.736,0.625,0.667,0.764,0.486,0.639,0.778,0.667,0.639,0.528,0.667,0.75,0.41700000000000004,0.6809999999999999,0.639,0.778
0.764,0.722,0.722,0.722,0.722,0.722,0.764,0.6809999999999999,0.764,0.6809999999999999,0.764,1.0,0.6809999999999999,0.722,0.722,0.6809999999999999,0.0,0.611,0.792,0.722,0.6809999999999999,0.792,0.6809999999999999,0.958,0.625,0.5,0.958,0.556,0.5,0.917,0.5,0.8190000000000001,0.8059999999999999,0.33299999999999996,0.958,0.778,0.6809999999999999,0.292,0.958,0.41700000000000004,0.556,0.8190000000000001,0.8059999999999999,0.33299999999999996,0.958,0.45799999999999996,0.708,0.958,0.292,0.708,0.597,0.736,0.778,0.6809999999999999,0.45799999999999996
0.847,0.889,0.889,0.889,0.889,0.8059999999999999,0.653,0.764,0.653,0.764,0.653,0.611,0.764,0.722,0.6940000000000001,0.764,0.611,0.0,0.708,0.6940000000000001,0.764,0.708,0.764,0.569,0.514,0.889,0.569,0.722,0.6940000000000001,0.528,0.889,0.597,0.528,0.722,0.653,0.722,0.653,0.597,0.653,0.722,0.639,0.597,0.528,0.722,0.653,0.764,0.597,0.653,0.514,0.597,0.6809999999999999,0.653,0.722,0.653,0.764
0.778,0.8190000000000001,0.8190000000000001,0.8190000000000001,0.8190000000000001,0.8190000000000001,0.667,0.6940000000000001,0.667,0.6940000000000001,0.667,0.792,0.6940000000000001,0.736,0.708,0.6940000000000001,0.792,0.708,0.0,0.708,0.6940000000000001,1.0,0.6940000000000001,0.75,0.639,0.597,0.75,0.653,0.486,0.708,0.597,0.722,0.708,0.542,0.833,0.903,0.667,0.306,0.833,0.431,0.653,0.722,0.708,0.542,0.833,0.47200000000000003,0.722,0.833,0.306,0.722,0.611,0.611,0.903,0.667,0.47200000000000003
0.764,0.8059999999999999,0.8059999999999999,0.8059999999999999,0.8059999999999999,0.889,0.958,0.6809999999999999,0.958,0.6809999999999999,0.958,0.722,0.6809999999999999,0.8059999999999999,1.0,0.6809999999999999,0.722,0.6940000000000001,0.708,0.0,0.6809999999999999,0.708,0.6809999999999999,0.6809999999999999,0.8190000000000001,0.583,0.6809999999999999,0.639,0.778,0.639,0.583,0.792,0.75,0.41700000000000004,0.764,0.611,0.958,0.292,0.764,0.41700000000000004,0.722,0.792,0.75,0.41700000000000004,0.764,0.45799999999999996,0.903,0.764,0.375,0.903,0.597,0.542,0.611,0.958,0.45799999999999996
0.917,0.875,0.875,0.875,0.875,0.792,0.722,1.0,0.722,1.0,0.722,0.6809999999999999,1.0,0.792,0.6809999999999999,1.0,0.6809999999999999,0.764,0.6940000000000001,0.6809999999999999,0.0,0.6940000000000001,1.0,0.639,0.75,0.653,0.639,0.708,0.45799999999999996,0.764,0.653,0.667,0.764,0.486,0.639,0.6809999999999999,0.639,0.611,0.639,0.736,0.625,0.667,0.764,0.486,0.639,0.778,0.667,0.639,0.528,0.667,0.75,0.41700000000000004,0.6809999999999999,0.639,0.778
0.778,0.8190000000000001,0.8190000000000001,0.8190000000000001,0.8190000000000001,0.8190000000000001,0.667,0.6940000000000001,0.667,0.6940000000000001,0.667,0.792,0.6940000000000001,0.736,0.708,0.6940000000000001,0.792,0.708,1.0,0.708,0.6940000000000001,0.0,0.6940000000000001,0.75,0.639,0.597,0.75,0.653,0.486,0.708,0.597,0.722,0.708,0.542,0.833,0.903,0.667,0.306,0.833,0.431,0.653,0.722,0.708,0.542,0.833,0.47200000000000003,0.722,0.833,0.306,0.722,0.611,0.611,0.903,0.667,0.47200000000000003
0.917,0.875,0.875,0.875,0.875,0.792,0.722,1.0,0.722,1.0,0.722,0.6809999999999999,1.0,0.792,0.6809999999999999,1.0,0.6809999999999999,0.764,0.6940000000000001,0.6809999999999999,1.0,0.6940000000000001,0.0,0.639,0.75,0.653,0.639,0.708,0.45799999999999996,0.764,0.653,0.667,0.764,0.486,0.639,0.6809999999999999,0.639,0.611,0.639,0.736,0.625,0.667,0.764,0.486,0.639,0.778,0.667,0.639,0.528,0.667,0.75,0.41700000000000004,0.6809999999999999,0.639,0.778
0.722,0.6809999999999999,0.6809999999999999,0.6809999999999999,0.6809999999999999,0.6809999999999999,0.722,0.639,0.722,0.639,0.722,0.958,0.639,0.764,0.6809999999999999,0.639,0.958,0.569,0.75,0.6809999999999999,0.639,0.75,0.639,0.0,0.583,0.45799999999999996,1.0,0.514,0.45799999999999996,0.875,0.45799999999999996,0.778,0.764,0.292,0.917,0.736,0.722,0.25,0.917,0.45799999999999996,0.514,0.778,0.764,0.292,0.917,0.41700000000000004,0.667,0.917,0.25,0.667,0.556,0.6940000000000001,0.736,0.722,0.41700000000000004
0.667,0.625,0.625,0.625,0.625,0.708,0.861,0.75,0.861,0.75,0.861,0.625,0.75,0.708,0.8190000000000001,0.75,0.625,0.514,0.639,0.8190000000000001,0.75,0.639,0.75,0.583,0.0,0.40299999999999997,0.583,0.45799999999999996,0.597,0.708,0.40299999999999997,0.8059999999999999,0.8190000000000001,0.34700000000000003,0.583,0.625,0.778,0.361,0.583,0.486,0.542,0.8059999999999999,0.8190000000000001,0.34700000000000003,0.583,0.528,0.917,0.583,0.444,0.917,0.5,0.361,0.625,0.778,0.528
0.736,0.778,0.778,0.778,0.778,0.6940000000000001,0.542,0.653,0.542,0.653,0.542,0.5,0.653,0.611,0.583,0.653,0.5,0.889,0.597,0.583,0.653,0.597,0.653,0.45799999999999996,0.40299999999999997,0.0,0.45799999999999996,0.611,0.8059999999999999,0.41700000000000004,1.0,0.486,0.41700000000000004,0.722,0.542,0.611,0.542,0.708,0.542,0.833,0.528,0.486,0.41700000000000004,0.722,0.542,0.875,0.486,0.542,0.625,0.486,0.569,0.764,0.611,0.542,0.875
0.722,0.6809999999999999,0.6809999999999999,0.6809999999999999,0.6809999999999999,0.6809999999999999,0.722,0.639,0.722,0.639,0.722,0.958,0.639,0.764,0.6809999999999999,0.639,0.958,0.569,0.75,0.6809999999999999,0.639,0.75,0.639,1.0,0.583,0.45799999999999996,0.0,0.514,0.45799999999999996,0.875,0.45799999999999996,0.778,0.764,0.292,0.917,0.736,0.722,0.25,0.917,0.45799999999999996,0.514,0.778,0.764,0.292,0.917,0.41700000000000004,0.667,0.917,0.25,0.667,0.556,0.6940000000000001,0.736,0.722,0.41700000000000004
0.792,0.833,0.833,0.833,0.833,0.75,0.597,0.708,0.597,0.708,0.597,0.556,0.708,0.667,0.639,0.708,0.556,0.722,0.653,0.639,0.708,0.653,0.708,0.514,0.45799999999999996,0.611,0.514,0.0,0.41700000000000004,0.47200000000000003,0.611,0.542,0.47200000000000003,0.778,0.597,0.556,0.597,0.653,0.597,0.444,0.917,0.542,0.47200000000000003,0.778,0.597,0.486,0.542,0.597,0.569,0.542,0.958,0.375,0.556,0.597,0.486
0.542,0.583,0.583,0.583,0.583,0.667,0.736,0.45799999999999996,0.736,0.45799999999999996,0.736,0.5,0.45799999999999996,0.583,0.778,0.45799999999999996,0.5,0.6940000000000001,0.486,0.778,0.45799999999999996,0.486,0.45799999999999996,0.45799999999999996,0.597,0.8059999999999999,0.45799999999999996,0.41700000000000004,0.0,0.41700000000000004,0.8059999999999999,0.569,0.528,0.528,0.542,0.5,0.736,0.514,0.542,0.639,0.5,0.569,0.528,0.528,0.542,0.6809999999999999,0.6809999999999999,0.542,0.597,0.6809999999999999,0.375,0.764,0.5,0.736,0.6809999999999999
0.6809999999999999,0.639,0.639,0.639,0.639,0.639,0.6809999999999999,0.764,0.6809999999999999,0.764,0.6809999999999999,0.917,0.764,0.639,0.639,0.764,0.917,0.528,0.708,0.639,0.764,0.708,0.764,0.875,0.708,0.41700000000000004,0.875,0.47200000000000003,0.41700000000000004,0.0,0.41700000000000004,0.736,0.889,0.25,0.875,0.6940000000000001,0.597,0.375,0.875,0.5,0.47200000000000003,0.736,0.889,0.25,0.875,0.542,0.625,0.875,0.375,0.625,0.514,0.653,0.6940000000000001,0.597,0.542
0.736,0.778,0.778,0.778,0.778,0.6940000000000001,0.542,0.653,0.542,0.653,0.542,0.5,0.653,0.611,0.583,0.653,0.5,0.889,0.597,0.583,0.653,0.597,0.653,0.45799999999999996,0.40299999999999997,1.0,0.45799999999999996,0.611,0.8059999999999999,0.41700000000000004,0.0,0.486,0.41700000000000004,0.722,0.542,0.611,0.542,0.708,0.542,0.833,0.528,0.486,0.41700000000000004,0.722,0.542,0.875,0.486,0.542,0.625,0.486,0.569,0.764,0.611,0.542,0.875
0.75,0.708,0.708,0.708,0.708,0.792,0.833,0.667,0.833,0.667,0.833,0.8190000000000001,0.667,0.792,0.792,0.667,0.8190000000000001,0.597,0.722,0.792,0.667,0.722,0.667,0.778,0.8059999999999999,0.486,0.778,0.542,0.569,0.736,0.486,0.0,0.625,0.431,0.778,0.708,0.75,0.278,0.778,0.40299999999999997,0.625,1.0,0.625,0.431,0.778,0.444,0.889,0.778,0.361,0.889,0.583,0.556,0.708,0.75,0.444
0.6809999999999999,0.639,0.639,0.639,0.639,0.639,0.792,0.764,0.792,0.764,0.792,0.8059999999999999,0.764,0.639,0.75,0.764,0.8059999999999999,0.528,0.708,0.75,0.764,0.708,0.764,0.764,0.8190000000000001,0.41700000000000004,0.764,0.47200000000000003,0.528,0.889,0.41700000000000004,0.625,0.0,0.25,0.764,0.6940000000000001,0.708,0.375,0.764,0.5,0.47200000000000003,0.625,1.0,0.25,0.764,0.542,0.736,0.764,0.375,0.736,0.514,0.542,0.6940000000000001,0.708,0.542
0.569,0.611,0.611,0.611,0.611,0.528,0.375,0.486,0.375,0.486,0.375,0.33299999999999996,0.486,0.444,0.41700000000000004,0.486,0.33299999999999996,0.722,0.542,0.41700000000000004,0.486,0.542,0.486,0.292,0.34700000000000003,0.722,0.292,0.778,0.528,0.25,0.722,0.431,0.25,0.0,0.375,0.556,0.375,0.764,0.375,0.556,0.6940000000000001,0.431,0.25,1.0,0.375,0.597,0.431,0.375,0.6809999999999999,0.431,0.736,0.486,0.556,0.375,0.597
0.722,0.764,0.764,0.764,0.764,0.764,0.722,0.639,0.722,0.639,0.722,0.958,0.639,0.6809999999999999,0.764,0.639,0.958,0.653,0.833,0.764,0.639,0.833,0.639,0.917,0.583,0.542,0.917,0.597,0.542,0.875,0.542,0.778,0.764,0.375,0.0,0.736,0.722,0.25,1.0,0.375,0.597,0.778,0.764,0.375,1.0,0.41700000000000004,0.667,1.0,0.25,0.667,0.556,0.778,0.736,0.722,0.41700000000000004
0.764,0.722,0.722,0.722,0.722,0.722,0.653,0.6809999999999999,0.653,0.6809999999999999,0.653,0.778,0.6809999999999999,0.722,0.611,0.6809999999999999,0.778,0.722,0.903,0.611,0.6809999999999999,0.903,0.6809999999999999,0.736,0.625,0.611,0.736,0.556,0.5,0.6940000000000001,0.611,0.708,0.6940000000000001,0.556,0.736,0.0,0.569,0.40299999999999997,0.736,0.528,0.556,0.708,0.6940000000000001,0.556,0.736,0.569,0.708,0.736,0.40299999999999997,0.708,0.597,0.625,1.0,0.569,0.569
0.722,0.764,0.764,0.764,0.764,0.847,0.917,0.639,0.917,0.639,0.917,0.6809999999999999,0.639,0.847,0.958,0.639,0.6809999999999999,0.653,0.667,0.958,0.639,0.667,0.639,0.722,0.778,0.542,0.722,0.597,0.736,0.597,0.542,0.75,0.708,0.375,0.722,0.569,0.0,0.25,0.722,0.45799999999999996,0.6809999999999999,0.75,0.708,0.375,0.722,0.41700000000000004,0.861,0.722,0.33299999999999996,0.861,0.556,0.5,0.569,1.0,0.41700000000000004
0.528,0.486,0.486,0.486,0.486,0.40299999999999997,0.33299999999999996,0.611,0.33299999999999996,0.611,0.33299999999999996,0.292,0.611,0.40299999999999997,0.292,0.611,0.292,0.597,0.306,0.292,0.611,0.306,0.611,0.25,0.361,0.708,0.25,0.653,0.514,0.375,0.708,0.278,0.375,0.764,0.25,0.40299999999999997,0.25,0.0,0.25,0.792,0.569,0.278,0.375,0.764,0.25,0.833,0.278,0.25,0.917,0.278,0.6940000000000001,0.47200000000000003,0.40299999999999997,0.25,0.833
0.722,0.764,0.764,0.764,0.764,0.764,0.722,0.639,0.722,0.639,0.722,0.958,0.639,0.6809999999999999,0.764,0.639,0.958,0.653,0.833,0.764,0.639,0.833,0.639,0.917,0.583,0.542,0.917,0.597,0.542,0.875,0.542,0.778,0.764,0.375,1.0,0.736,0.722,0.25,0.0,0.375,0.597,0.778,0.764,0.375,1.0,0.41700000000000004,0.667,1.0,0.25,0.667,0.556,0.778,0.736,0.722,0.41700000000000004
0.653,0.611,0.611,0.611,0.611,0.528,0.45799999999999996,0.736,0.45799999999999996,0.736,0.45799999999999996,0.41700000000000004,0.736,0.611,0.41700000000000004,0.736,0.41700000000000004,0.722,0.431,0.41700000000000004,0.736,0.431,0.736,0.45799999999999996,0.486,0.833,0.45799999999999996,0.444,0.639,0.5,0.833,0.40299999999999997,0.5,0.556,0.375,0.528,0.45799999999999996,0.792,0.375,0.0,0.361,0.40299999999999997,0.5,0.556,0.375,0.958,0.40299999999999997,0.375,0.708,0.40299999999999997,0.486,0.597,0.528,0.45799999999999996,0.958
0.708,0.75,0.75,0.75,0.75,0.833,0.6809999999999999,0.625,0.6809999999999999,0.625,0.6809999999999999,0.556,0.625,0.75,0.722,0.625,0.556,0.639,0.653,0.722,0.625,0.653,0.625,0.514,0.542,0.528,0.514,0.917,0.5,0.47200000000000003,0.528,0.625,0.47200000000000003,0.6940000000000001,0.597,0.556,0.6809999999999999,0.569,0.597,0.361,0.0,0.625,0.47200000000000003,0.6940000000000001,0.597,0.40299999999999997,0.625,0.597,0.653,0.625,0.875,0.375,0.556,0.6809999999999999,0.40299999999999997
0.75,0.708,0.708,0.708,0.708,0.792,0.833,0.667,0.833,0.667,0.833,0.8190000000000001,0.667,0.792,0.792,0.667,0.8190000000000001,0.597,0.722,0.792,0.667,0.722,0.667,0.778,0.8059999999999999,0.486,0.778,0.542,0.569,0.736,0.486,1.0,0.625,0.431,0.778,0.708,0.75,0.278,0.778,0.40299999999999997,0.625,0.0,0.625,0.431,0.778,0.444,0.889,0.778,0.361,0.889,0.583,0.556,0.708,0.75,0.444
0.6809999999999999,0.639,0.639,0.639,0.639,0.639,0.792,0.764,0.792,0.764,0.792,0.8059999999999999,0.764,0.639,0.75,0.764,0.8059999999999999,0.528,0.708,0.75,0.764,0.708,0.764,0.764,0.8190000000000001,0.41700000000000004,0.764,0.47200000000000003,0.528,0.889,0.41700000000000004,0.625,1.0,0.25,0.764,0.6940000000000001,0.708,0.375,0.764,0.5,0.47200000000000003,0.625,0.0,0.25,0.764,0.542,0.736,0.764,0.375,0.736,0.514,0.542,0.6940000000000001,0.708,0.542
0.569,0.611,0.611,0.611,0.611,0.528,0.375,0.486,0.375,0.486,0.375,0.33299999999999996,0.486,0.444,0.41700000000000004,0.486,0.33299999999999996,0.722,0.542,0.41700000000000004,0.486,0.542,0.486,0.292,0.34700000000000003,0.722,0.292,0.778,0.528,0.25,0.722,0.431,0.25,1.0,0.375,0.556,0.375,0.764,0.375,0.556,0.6940000000000001,0.431,0.25,0.0,0.375,0.597,0.431,0.375,0.6809999999999999,0.431,0.736,0.486,0.556,0.375,0.597
0.722,0.764,0.764,0.764,0.764,0.764,0.722,0.639,0.722,0.639,0.722,0.958,0.639,0.6809999999999999,0.764,0.639,0.958,0.653,0.833,0.764,0.639,0.833,0.639,0.917,0.583,0.542,0.917,0.597,0.542,0.875,0.542,0.778,0.764,0.375,1.0,0.736,0.722,0.25,1.0,0.375,0.597,0.778,0.764,0.375,0.0,0.41700000000000004,0.667,1.0,0.25,0.667,0.556,0.778,0.736,0.722,0.41700000000000004
0.6940000000000001,0.653,0.653,0.653,0.653,0.569,0.5,0.778,0.5,0.778,0.5,0.45799999999999996,0.778,0.569,0.45799999999999996,0.778,0.45799999999999996,0.764,0.47200000000000003,0.45799999999999996,0.778,0.47200000000000003,0.778,0.41700000000000004,0.528,0.875,0.41700000000000004,0.486,0.6809999999999999,0.542,0.875,0.444,0.542,0.597,0.41700000000000004,0.569,0.41700000000000004,0.833,0.41700000000000004,0.958,0.40299999999999997,0.444,0.542,0.597,0.41700000000000004,0.0,0.444,0.41700000000000004,0.75,0.444,0.528,0.639,0.569,0.41700000000000004,1.0
0.75,0.708,0.708,0.708,0.708,0.792,0.9440000000000001,0.667,0.9440000000000001,0.667,0.9440000000000001,0.708,0.667,0.792,0.903,0.667,0.708,0.597,0.722,0.903,0.667,0.722,0.667,0.667,0.917,0.486,0.667,0.542,0.6809999999999999,0.625,0.486,0.889,0.736,0.431,0.667,0.708,0.861,0.278,0.667,0.40299999999999997,0.625,0.889,0.736,0.431,0.667,0.444,0.0,0.667,0.361,1.0,0.583,0.444,0.708,0.861,0.444
0.722,0.764,0.764,0.764,0.764,0.764,0.722,0.639,0.722,0.639,0.722,0.958,0.639,0.6809999999999999,0.764,0.639,0.958,0.653,0.833,0.764,0.639,0.833,0.639,0.917,0.583,0.542,0.917,0.597,0.542,0.875,0.542,0.778,0.764,0.375,1.0,0.736,0.722,0.25,1.0,0.375,0.597,0.778,0.764,0.375,1.0,0.41700000000000004,0.667,0.0,0.25,0.667,0.556,0.778,0.736,0.722,0.41700000000000004
0.444,0.40299999999999997,0.40299999999999997,0.40299999999999997,0.40299999999999997,0.486,0.41700000000000004,0.528,0.41700000000000004,0.528,0.41700000000000004,0.292,0.528,0.486,0.375,0.528,0.292,0.514,0.306,0.375,0.528,0.306,0.528,0.25,0.444,0.625,0.25,0.569,0.597,0.375,0.625,0.361,0.375,0.6809999999999999,0.25,0.40299999999999997,0.33299999999999996,0.917,0.25,0.708,0.653,0.361,0.375,0.6809999999999999,0.25,0.75,0.361,0.25,0.0,0.361,0.611,0.47200000000000003,0.40299999999999997,0.33299999999999996,0.75
0.75,0.708,0.708,0.708,0.708,0.792,0.9440000000000001,0.667,0.9440000000000001,0.667,0.9440000000000001,0.708,0.667,0.792,0.903,0.667,0.708,0.597,0.722,0.903,0.667,0.722,0.667,0.667,0.917,0.486,0.667,0.542,0.6809999999999999,0.625,0.486,0.889,0.736,0.431,0.667,0.708,0.861,0.278,0.667,0.40299999999999997,0.625,0.889,0.736,0.431,0.667,0.444,1.0,0.667,0.361,0.0,0.583,0.444,0.708,0.861,0.444
0.833,0.792,0.792,0.792,0.792,0.708,0.639,0.75,0.639,0.75,0.639,0.597,0.75,0.708,0.597,0.75,0.597,0.6809999999999999,0.611,0.597,0.75,0.611,0.75,0.556,0.5,0.569,0.556,0.958,0.375,0.514,0.569,0.583,0.514,0.736,0.556,0.597,0.556,0.6940000000000001,0.556,0.486,0.875,0.583,0.514,0.736,0.556,0.528,0.583,0.556,0.611,0.583,0.0,0.33299999999999996,0.597,0.556,0.528
0.5,0.542,0.542,0.542,0.542,0.542,0.5,0.41700000000000004,0.5,0.41700000000000004,0.5,0.736,0.41700000000000004,0.45799999999999996,0.542,0.41700000000000004,0.736,0.653,0.611,0.542,0.41700000000000004,0.611,0.41700000000000004,0.6940000000000001,0.361,0.764,0.6940000000000001,0.375,0.764,0.653,0.764,0.556,0.542,0.486,0.778,0.625,0.5,0.47200000000000003,0.778,0.597,0.375,0.556,0.542,0.486,0.778,0.639,0.444,0.778,0.47200000000000003,0.444,0.33299999999999996,0.0,0.625,0.5,0.639
0.764,0.722,0.722,0.722,0.722,0.722,0.653,0.6809999999999999,0.653,0.6809999999999999,0.653,0.778,0.6809999999999999,0.722,0.611,0.6809999999999999,0.778,0.722,0.903,0.611,0.6809999999999999,0.903,0.6809999999999999,0.736,0.625,0.611,0.736,0.556,0.5,0.6940000000000001,0.611,0.708,0.6940000000000001,0.556,0.736,1.0,0.569,0.40299999999999997,0.736,0.528,0.556,0.708,0.6940000000000001,0.556,0.736,0.569,0.708,0.736,0.40299999999999997,0.708,0.597,0.625,0.0,0.569,0.569
0.722,0.764,0.764,0.764,0.764,0.847,0.917,0.639,0.917,0.639,0.917,0.6809999999999999,0.639,0.847,0.958,0.639,0.6809999999999999,0.653,0.667,0.958,0.639,0.667,0.639,0.722,0.778,0.542,0.722,0.597,0.736,0.597,0.542,0.75,0.708,0.375,0.722,0.569,1.0,0.25,0.722,0.45799999999999996,0.6809999999999999,0.75,0.708,0.375,0.722,0.41700000000000004,0.861,0.722,0.33299999999999996,0.861,0.556,0.5,0.569,0.0,0.41700000000000004
0.6940000000000001,0.653,0.653,0.653,0.653,0.569,0.5,0.778,0.5,0.778,0.5,0.45799999999999996,0.778,0.569,0.45799999999999996,0.778,0.45799999999999996,0.764,0.47200000000000003,0.45799999999999996,0.778,0.47200000000000003,0.778,0.41700000000000004,0.528,0.875,0.41700000000000004,0.486,0.6809999999999999,0.542,0.875,0.444,0.542,0.597,0.41700000000000004,0.569,0.41700000000000004,0.833,0.41700000000000004,0.958,0.40299999999999997,0.444,0.542,0.597,0.41700000000000004,1.0,0.444,0.41700000000000004,0.75,0.444,0.528,0.639,0.569,0.41700000000000004,0.0
